Date,AAPL.csv,AMZN.csv,FB.csv,TSLA.csv
2012-07-05,78.698715,227.059998,31.469998999999998,31.23
2012-07-06,78.17486600000001,225.05000299999998,31.73,30.99
2012-07-09,79.208366,225.05000299999998,32.169998,31.49
2012-07-10,78.47551700000001,219.5,31.469998999999998,31.27
2012-07-11,77.98779300000001,218.36999500000002,30.969998999999998,31.51
2012-07-12,77.274277,215.36000099999998,30.809998999999998,32.700001
2012-07-13,78.05746500000001,218.38999900000002,30.719998999999998,34.25
2012-07-16,78.307785,216.00999500000003,28.25,35.959998999999996
2012-07-17,78.31163000000001,216.92999300000002,28.09,33.349998
2012-07-18,78.223915,217.47000099999997,29.110001,32.150002
2012-07-19,79.263878,226.169998,29.0,32.27
2012-07-20,77.971016,228.289993,28.76,31.790001
2012-07-23,77.910362,226.00999500000003,28.75,30.66
2012-07-24,77.534904,223.039993,28.450001,29.84
2012-07-25,74.186653,217.05000299999998,29.34,28.950001
2012-07-26,74.175034,220.00999500000003,26.85,28.129998999999998
2012-07-27,75.501434,237.32000699999998,23.709999,29.51
2012-07-30,76.77493299999999,236.08999599999999,23.15,27.35
2012-07-31,78.804535,233.30000299999998,21.709999,27.42
2012-08-01,78.294853,232.08999599999999,20.879998999999998,26.25
2012-08-02,78.421318,230.809998,20.040001,26.1
2012-08-03,79.441917,234.97000099999997,21.09,27.27
2012-08-06,80.32576,233.99000499999997,21.92,28.27
2012-08-07,80.114159,236.559998,20.719998999999998,30.25
2012-08-08,79.97868299999999,234.38000499999998,20.719998999999998,29.09
2012-08-09,80.434799,234.059998,21.01,29.41
2012-08-10,80.56049300000001,232.75,21.809998999999998,29.940001000000002
2012-08-13,81.636009,232.440002,21.6,31.17
2012-08-14,81.855003,233.190002,20.379998999999998,29.42
2012-08-15,81.74356800000001,237.419998,21.200001,29.4
2012-08-16,82.45755799999999,241.55000299999998,19.870001000000002,30.299999
2012-08-17,83.98271899999999,241.169998,19.049999,30.01
2012-08-20,86.190788,240.350006,20.01,29.51
2012-08-21,85.01289399999999,239.44999700000002,19.16,29.110001
2012-08-22,86.672821,243.100006,19.440001000000002,29.950001
2012-08-23,85.864235,241.19999700000002,19.440001000000002,30.73
2012-08-24,85.940689,245.74000499999997,19.41,29.5
2012-08-27,87.555267,243.919998,19.15,28.32
2012-08-28,87.441231,246.11000099999998,19.34,28.690001000000002
2012-08-29,87.268898,247.11999500000002,19.1,28.41
2012-08-30,86.02490999999999,246.22000099999997,19.09,28.41
2012-08-31,86.202446,248.270004,18.059998999999998,28.52
2012-09-04,87.463264,247.88000499999998,17.73,28.139999
2012-09-05,86.84906,246.22000099999997,18.58,27.940001000000002
2012-09-06,87.631737,251.38000499999998,18.959999,28.549999
2012-09-07,88.172066,259.140015,18.98,29.35
2012-09-10,85.87848699999999,257.089996,18.809998999999998,27.370001000000002
2012-09-11,85.599899,255.669998,19.43,27.799999
2012-09-12,86.792038,255.63000499999998,20.93,28.280001000000002
2012-09-13,88.501221,260.23999,20.709999,29.48
2012-09-14,89.576729,261.269989,22.0,30.389999
2012-09-17,90.678177,258.0,21.52,32.540001000000004
2012-09-18,90.954178,258.75,21.870001000000002,31.34
2012-09-19,90.978806,261.679993,23.290001,31.049999
2012-09-20,90.538239,260.809998,22.59,30.9
2012-09-21,90.718315,257.47000099999997,22.860001,30.02
2012-09-24,89.513222,254.80000299999998,20.790001,30.66
2012-09-25,87.27795400000001,252.460007,20.280001000000002,27.66
2012-09-26,86.194664,249.669998,20.620001000000002,27.540001
2012-09-27,88.28609499999999,256.589996,20.32,28.49
2012-09-28,86.443481,254.32000699999998,21.66,29.280001000000002
2012-10-01,85.444389,252.00999500000003,21.99,29.16
2012-10-02,85.69319899999999,250.600006,22.27,29.799999
2012-10-03,87.00715600000001,255.919998,21.83,29.299999
2012-10-04,86.40459399999999,260.47000099999997,21.950001,29.4
2012-10-05,84.56324000000001,258.51001,20.91,28.889999
2012-10-08,82.694695,259.059998,20.4,29.25
2012-10-09,82.39404300000001,250.960007,20.23,28.370001000000002
2012-10-10,83.049736,244.99000499999997,19.639999,28.4
2012-10-11,81.38979300000001,244.22000099999997,19.75,28.32
2012-10-12,81.598427,242.36000099999998,19.52,27.639999
2012-10-15,82.25282299999999,244.17999300000002,19.52,27.33
2012-10-16,84.200417,243.940002,19.48,28.059998999999998
2012-10-17,83.52918199999999,247.49000499999997,19.879998999999998,28.82
2012-10-18,81.97811899999999,244.850006,18.98,28.040001
2012-10-19,79.023666,240.0,19.0,27.74
2012-10-22,82.158211,233.77999900000003,19.32,27.85
2012-10-23,79.47976700000001,234.309998,19.5,28.389999
2012-10-24,79.929436,228.49000499999997,23.23,27.42
2012-10-25,78.98477199999999,222.919998,22.559998999999998,27.52
2012-10-26,78.266899,238.24000499999997,21.940001000000002,27.379998999999998
2012-10-31,77.142151,232.88999900000002,21.110001,28.129998999999998
2012-11-01,77.300232,232.13999900000002,21.209999,29.25
2012-11-02,74.742294,232.419998,21.18,28.92
2012-11-05,75.755615,234.330002,21.25,31.5
2012-11-06,75.526268,237.559998,21.17,31.15
2012-11-07,72.636436,232.059998,20.469998999999998,31.540001
2012-11-08,70.000412,227.350006,19.99,31.309998999999998
2012-11-09,71.21234100000001,226.309998,19.209999,30.32
2012-11-12,70.66171999999999,226.47000099999997,20.07,31.07
2012-11-13,70.67083000000001,226.600006,19.860001,31.610001
2012-11-14,69.88718399999999,222.94999700000002,22.360001,31.379998999999998
2012-11-15,68.421417,220.600006,22.17,30.82
2012-11-16,68.689575,225.229996,23.559998999999998,31.84
2012-11-19,73.64265400000001,229.710007,22.92,32.919998
2012-11-20,73.015221,233.77999900000003,23.1,33.0
2012-11-21,73.11808,238.02999900000003,24.32,32.470001
2012-11-23,74.393761,239.88000499999998,24.0,32.130001
2012-11-26,76.740776,243.61999500000002,25.940001000000002,32.27
2012-11-27,76.122467,243.399994,26.15,32.150002
2012-11-28,75.882942,247.11000099999998,26.360001,33.23
2012-11-29,76.718651,251.270004,27.32,33.689999
2012-11-30,76.18755300000001,252.05000299999998,28.0,33.82
2012-12-03,76.306,250.330002,27.040001,34.619999
2012-12-04,74.960014,252.49000499999997,27.459999,33.900002
2012-12-05,70.13580300000001,253.960007,27.709999,33.709998999999996
2012-12-06,71.235771,253.36999500000002,26.969998999999998,33.900002
2012-12-07,69.41465,253.270004,27.49,34.169998
2012-12-10,68.96815500000001,247.770004,27.84,34.57
2012-12-11,70.474274,250.690002,27.98,35.279999
2012-12-12,70.163162,251.75999500000003,27.58,35.259997999999996
2012-12-13,68.95124100000001,251.25,28.24,33.610001000000004
2012-12-14,66.360809,249.190002,26.809998999999998,33.810001
2012-12-17,67.537552,253.86000099999998,26.75,34.400002
2012-12-18,69.499268,260.399994,27.709999,34.59
2012-12-19,68.511261,257.98999,27.41,34.610001000000004
2012-12-20,67.915077,261.5,27.360001,34.43
2012-12-21,67.602654,256.920013,26.26,34.0
2012-12-24,67.71198299999999,258.619995,26.93,34.279999
2012-12-26,66.778664,248.63000499999998,26.51,33.59
2012-12-27,67.046814,248.309998,26.049999,33.689999
2012-12-28,66.334755,245.17999300000002,25.91,33.220001
2012-12-31,69.274055,250.86999500000002,26.620001000000002,33.869999
2013-01-02,71.468773,257.309998,28.0,35.360001000000004
2013-01-03,70.566681,258.480011,27.77,34.77
2013-01-04,68.601067,259.149994,28.76,34.400002
2013-01-07,68.197525,268.459991,29.42,34.34
2013-01-08,68.381073,266.380005,29.059998999999998,33.68
2013-01-09,67.312347,266.350006,30.59,33.639998999999996
2013-01-10,68.146774,265.339996,31.299999,33.529999
2013-01-11,67.72892,267.940002,31.719998999999998,32.91
2013-01-14,65.314217,272.730011,30.950001,33.259997999999996
2013-01-15,63.253586,271.899994,30.1,33.900002
2013-01-16,65.879166,268.929993,29.85,34.099998
2013-01-17,65.435265,270.480011,30.139999,34.380001
2013-01-18,65.086411,272.119995,29.66,34.52
2013-01-22,65.707321,270.190002,30.73,35.189999
2013-01-23,66.910133,268.109985,30.82,36.0
2013-01-24,58.64285699999999,273.459991,31.08,36.990002000000004
2013-01-25,57.260406,283.98999,31.540001,36.98
2013-01-28,58.55563000000001,276.040009,32.470001,38.029999
2013-01-29,59.654289,260.350006,30.790001,37.950001
2013-01-30,59.466827,272.76001,31.24,37.52
2013-01-31,59.292412,265.5,30.98,37.509997999999996
2013-02-01,59.049,265.0,29.73,38.299999
2013-02-04,57.578033,259.980011,28.110001,37.740002000000004
2013-02-05,59.598319999999994,266.890015,28.639999,38.130001
2013-02-06,59.534538,262.22000099999997,29.049999,39.169998
2013-02-07,61.304733,260.230011,28.65,39.48
2013-02-08,62.189838,261.950012,28.549999,39.240002000000004
2013-02-11,62.83794399999999,257.209991,28.26,38.419998
2013-02-12,61.26283299999999,258.700012,27.370001000000002,37.889998999999996
2013-02-13,61.146301,269.47000099999997,27.91,38.450001
2013-02-14,61.091308999999995,269.23999,28.5,38.27
2013-02-15,60.249424,265.089996,28.32,37.040001000000004
2013-02-19,60.227173,269.75,28.93,39.279999
2013-02-20,58.768589,266.410004,28.459999,38.540001000000004
2013-02-21,58.403282,265.940002,27.280001000000002,35.16
2013-02-22,59.025204,265.420013,27.129998999999998,36.110001000000004
2013-02-25,57.976456000000006,259.869995,27.27,34.380001
2013-02-26,58.78430600000001,259.359985,27.389999,34.43
2013-02-27,58.208202,263.25,26.870001000000002,35.099998
2013-02-28,57.793147999999995,264.269989,27.25,34.830002
2013-03-01,56.362072,265.73999,27.780001000000002,34.650002
2013-03-04,54.99775699999999,273.109985,27.719998999999998,35.580002
2013-03-05,56.449787,275.589996,27.52,36.650002
2013-03-06,55.732277,273.790009,27.450001,37.689999
2013-03-07,56.37646899999999,273.880005,28.58,38.23
2013-03-08,56.52573,274.190002,27.959999,38.470001
2013-03-11,57.33095600000001,271.23999,28.139999,39.099998
2013-03-12,56.094958999999996,274.130005,27.83,39.119999
2013-03-13,56.084483999999996,275.100006,27.08,38.98
2013-03-14,56.62785699999999,265.73999,27.040001,36.849998
2013-03-15,58.089057999999994,261.820007,26.65,35.290001000000004
2013-03-18,59.668091000000004,257.890015,26.49,35.150002
2013-03-19,59.507042000000006,256.410004,26.549999,35.080002
2013-03-20,59.191497999999996,257.27999900000003,25.860001,35.950001
2013-03-21,59.2766,253.38999900000002,25.74,36.009997999999996
2013-03-22,60.478561,257.75,25.73,36.619999
2013-03-25,60.697207999999996,256.019989,25.129998999999998,37.529999
2013-03-26,60.377747,260.309998,25.209999,37.860001000000004
2013-03-27,59.191497999999996,265.299988,26.09,38.16
2013-03-28,57.958121999999996,266.48999,25.58,37.889998999999996
2013-04-01,56.157814,261.609985,25.530001000000002,43.93
2013-04-02,56.273026,263.320007,25.42,44.34
2013-04-03,56.561077000000004,259.02999900000003,26.25,41.099998
2013-04-04,56.001999,259.079987,27.07,42.009997999999996
2013-04-05,55.410194,255.479996,27.389999,41.369999
2013-04-08,55.804297999999996,258.950012,26.85,41.830002
2013-04-09,55.905108999999996,261.140015,26.59,40.5
2013-04-10,57.045520999999994,264.769989,27.57,41.860001000000004
2013-04-11,56.86745500000001,269.850006,28.02,43.59
2013-04-12,56.274345,272.869995,27.4,43.75
2013-04-15,54.971573,267.72000099999997,26.52,43.299999
2013-04-16,55.808223999999996,272.339996,26.92,45.59
2013-04-17,52.739201,267.399994,26.629998999999998,45.450001
2013-04-18,51.331672999999995,259.420013,25.690001000000002,46.970001
2013-04-19,51.132664,260.320007,25.73,47.830002
2013-04-22,52.198452,263.549988,25.969998999999998,50.189999
2013-04-23,53.17519,268.899994,25.98,51.009997999999996
2013-04-24,53.087463,268.77999900000003,26.110001,50.43
2013-04-25,53.469784,274.700012,26.139999,52.0
2013-04-26,54.624603,254.809998,26.85,51.200001
2013-04-29,56.316235,249.74000499999997,26.98,54.939999
2013-04-30,57.973831000000004,253.809998,27.77,53.990002000000004
2013-05-01,57.516872,248.229996,27.43,53.279999
2013-05-02,58.332584,252.55000299999998,28.969998999999998,54.110001000000004
2013-05-03,58.916534,258.049988,28.309998999999998,54.549999
2013-05-06,60.32143000000001,255.72000099999997,27.57,59.5
2013-05-07,60.053031999999995,257.730011,26.889999,55.509997999999996
2013-05-08,60.731246999999996,258.679993,27.120001000000002,55.790001000000004
2013-05-09,60.201416,260.160004,27.040001,69.400002
2013-05-10,59.700584,263.630005,26.68,76.760002
2013-05-13,59.933871999999994,264.51001,26.82,87.800003
2013-05-14,58.499912,268.329987,27.07,83.239998
2013-05-15,56.521614,266.559998,26.6,84.839996
2013-05-16,57.276825,264.119995,26.129998999999998,92.25
2013-05-17,57.102844,269.899994,26.25,91.5
2013-05-20,58.377334999999995,267.630005,25.76,89.940002
2013-05-21,57.94635400000001,268.859985,25.66,87.589996
2013-05-22,58.169090000000004,262.959991,25.16,87.239998
2013-05-23,58.273208999999994,261.799988,25.059998999999998,92.730003
2013-05-24,58.669918,261.73999,24.309998999999998,97.08000200000001
2013-05-28,58.18095,267.290009,24.1,110.33000200000001
2013-05-29,58.643562,265.52999900000003,23.32,104.629997
2013-05-30,59.517384,266.829987,24.549999,104.949997
2013-05-31,59.273563,269.200012,24.35,97.760002
2013-06-03,59.40404100000001,266.880005,23.85,92.589996
2013-06-04,59.218201,265.700012,23.52,94.839996
2013-06-05,58.664639,267.170013,22.9,95.370003
2013-06-06,57.788189,267.829987,22.969998999999998,97.349998
2013-06-07,58.229721,276.869995,23.290001,102.040001
2013-06-10,57.844868000000005,281.070007,24.33,100.050003
2013-06-11,57.674843,274.77999900000003,24.030001000000002,94.470001
2013-06-12,56.96181899999999,271.670013,23.77,97.730003
2013-06-13,57.458693999999994,275.790009,23.73,98.18
2013-06-14,56.679770999999995,273.98999,23.629998999999998,100.300003
2013-06-17,56.936783,278.059998,24.02,102.199997
2013-06-18,56.906464,281.76001,24.209999,103.389999
2013-06-19,55.750591,278.160004,24.309998999999998,104.68
2013-06-20,54.938720999999994,273.440002,23.9,100.650002
2013-06-21,54.498512,273.359985,24.530001000000002,99.550003
2013-06-24,53.054005000000004,270.609985,23.940001000000002,101.489998
2013-06-25,53.065856999999994,272.089996,24.25,102.400002
2013-06-26,52.464867000000005,277.570007,24.16,105.720001
2013-06-27,51.899440999999996,277.549988,24.66,109.25
2013-06-28,52.261902,277.690002,24.879998999999998,107.360001
2013-07-01,53.934414000000004,282.100006,24.809998999999998,117.18
2013-07-02,55.156181000000004,283.730011,24.41,117.82
2013-07-03,55.460636,284.02999900000003,24.52,115.239998
2013-07-05,55.015156000000005,285.880005,24.370001000000002,120.089996
2013-07-08,54.702801,290.589996,24.709999,121.610001
2013-07-09,55.664921,291.52999900000003,25.48,123.449997
2013-07-10,55.451416,292.329987,25.799999,122.269997
2013-07-11,56.31601,299.660004,25.809998999999998,125.610001
2013-07-12,56.213207,307.549988,25.91,129.899994
2013-07-15,56.33576600000001,306.570007,26.280001000000002,127.260002
2013-07-16,56.699543000000006,306.869995,26.32,109.050003
2013-07-17,56.714043000000004,308.690002,26.65,120.25
2013-07-18,56.90514399999999,304.109985,26.18,119.029999
2013-07-19,56.007594999999995,305.230011,25.879998999999998,119.68
2013-07-22,56.186848,303.480011,26.049999,122.43
2013-07-23,55.222076,301.059998,26.129998999999998,122.739998
2013-07-24,58.058376,298.940002,26.51,121.699997
2013-07-25,57.793461,303.399994,34.360001000000004,124.07
2013-07-26,58.121646999999996,312.01001,34.009997999999996,129.389999
2013-07-29,59.017876,306.100006,35.43,134.619995
2013-07-30,59.746722999999996,302.410004,37.630001,131.740005
2013-07-31,59.642593000000005,301.22000099999997,36.799999,134.279999
2013-08-01,60.189547999999995,305.570007,37.490002000000004,135.550003
2013-08-02,60.961891,304.209991,38.049999,138.0
2013-08-05,61.872612,300.98999,39.189999,144.679993
2013-08-06,61.319054,300.75,38.549999,142.149994
2013-08-07,61.28348199999999,296.910004,38.869999,134.229996
2013-08-08,61.161423,295.73999,38.540001000000004,153.479996
2013-08-09,60.291107,297.26001,38.5,153.0
2013-08-12,62.003859999999996,296.690002,38.220001,147.380005
2013-08-13,64.950417,293.97000099999997,37.02,145.429993
2013-08-14,66.135162,291.339996,36.650002,139.360001
2013-08-15,66.05686999999999,286.47000099999997,36.560001,139.669998
2013-08-16,66.643288,284.820007,37.080002,142.0
2013-08-19,67.36101500000001,285.570007,37.810001,144.899994
2013-08-20,66.476105,287.089996,38.41,149.580002
2013-08-21,66.647255,284.570007,38.32,147.860001
2013-08-22,66.72686,289.730011,38.549999,157.100006
2013-08-23,66.469475,290.01001,40.549999,161.83999599999999
2013-08-26,66.728195,286.209991,41.34,164.220001
2013-08-27,64.820412,280.929993,39.639998999999996,167.009995
2013-08-28,65.126869,281.579987,40.549999,166.449997
2013-08-29,65.233009,283.980011,41.279999,166.059998
2013-08-30,64.638657,280.980011,41.290001000000004,169.0
2013-09-03,64.819084,288.799988,41.869999,168.940002
2013-09-04,66.16037800000001,293.640015,41.779999,170.619995
2013-09-05,65.70665,294.100006,42.66,169.929993
2013-09-06,66.097992,295.859985,43.950001,166.970001
2013-09-09,67.152702,299.709991,44.040001000000004,160.699997
2013-09-10,65.623047,300.359985,43.599998,166.369995
2013-09-11,62.050289,299.640015,45.040001000000004,163.520004
2013-09-12,62.710987,298.859985,44.75,164.929993
2013-09-13,61.677493999999996,297.920013,44.310001,165.53999299999998
2013-09-16,59.71666,296.059998,42.509997999999996,166.580002
2013-09-17,60.40654,304.170013,45.07,166.229996
2013-09-18,61.648312,312.02999900000003,45.23,166.220001
2013-09-19,62.65923299999999,312.059998,45.98,177.919998
2013-09-20,62.010498,316.339996,47.490002000000004,183.389999
2013-09-23,65.092384,311.48999,47.189999,181.110001
2013-09-24,64.888077,314.130005,48.450001,182.330002
2013-09-25,63.883774,312.649994,49.459998999999996,185.240005
2013-09-26,64.505981,318.119995,50.389998999999996,188.639999
2013-09-27,64.045631,316.01001,51.240002000000004,190.899994
2013-09-30,63.249615000000006,312.640015,50.23,193.369995
2013-10-01,64.736839,320.950012,50.419998,193.0
2013-10-02,64.949089,320.51001,50.279999,180.949997
2013-10-03,64.133186,314.76001,49.18,173.309998
2013-10-04,64.082787,319.040009,51.040001000000004,180.979996
2013-10-07,64.708969,310.02999900000003,50.52,183.070007
2013-10-08,63.805492,303.230011,47.139998999999996,174.729996
2013-10-09,64.555077,298.230011,46.77,168.779999
2013-10-10,64.959709,305.170013,49.049999,172.929993
2013-10-11,65.380264,310.890015,49.110001000000004,178.699997
2013-10-14,65.808784,310.700012,49.509997999999996,179.720001
2013-10-15,66.15902700000001,306.399994,49.5,183.940002
2013-10-16,66.481415,310.48999,51.139998999999996,183.559998
2013-10-17,66.931152,310.769989,52.209998999999996,182.800003
2013-10-18,67.51358,328.929993,54.220001,183.399994
2013-10-21,69.167938,326.440002,53.849998,172.600006
2013-10-22,68.970276,332.540009,52.68,171.53999299999998
2013-10-23,69.645561,326.76001,51.900002,164.5
2013-10-24,70.567619,332.209991,52.450001,173.149994
2013-10-25,69.77822900000001,363.390015,51.950001,169.66000400000001
2013-10-28,70.29827900000001,358.160004,50.23,162.860001
2013-10-29,68.547066,362.700012,49.400002,164.470001
2013-10-30,69.637596,361.079987,49.009997999999996,159.220001
2013-10-31,69.345726,364.02999900000003,50.209998999999996,159.940002
2013-11-01,68.991508,359.0,49.75,162.169998
2013-11-04,69.883018,358.73999,48.220001,175.199997
2013-11-05,69.710571,358.890015,50.110001000000004,176.809998
2013-11-06,69.513077,356.179993,49.119999,151.16000400000001
2013-11-07,68.38813,343.559998,47.560001,139.770004
2013-11-08,69.465034,350.309998,47.529999,137.949997
2013-11-11,69.263535,354.380005,46.200001,144.699997
2013-11-12,69.391632,349.52999900000003,46.610001000000004,137.800003
2013-11-13,69.474358,356.22000099999997,48.709998999999996,138.699997
2013-11-14,70.479202,367.399994,48.990002000000004,137.600006
2013-11-15,70.056198,369.170013,49.009997999999996,135.449997
2013-11-18,69.207481,366.179993,45.830002,121.58000200000001
2013-11-19,69.330238,364.940002,46.360001000000004,126.089996
2013-11-20,68.723076,362.570007,46.43,121.110001
2013-11-21,69.542412,368.920013,46.700001,122.099998
2013-11-22,69.363609,372.309998,46.23,121.379997
2013-11-25,69.889374,376.640015,44.82,120.839996
2013-11-26,71.17842900000001,381.369995,45.889998999999996,120.5
2013-11-27,72.854485,386.709991,46.490002000000004,126.940002
2013-11-29,74.203583,393.619995,47.009997999999996,127.279999
2013-12-02,73.557716,392.299988,47.060001,124.16999799999999
2013-12-03,75.571373,384.660004,46.73,144.699997
2013-12-04,75.39523299999999,385.959991,48.619999,138.949997
2013-12-05,75.782219,384.48999,48.34,140.479996
2013-12-06,74.730682,386.950012,47.939999,137.360001
2013-12-09,75.586052,384.890015,48.84,141.600006
2013-12-10,75.46862,387.77999900000003,50.25,142.190002
2013-12-11,74.909492,382.190002,49.380001,139.649994
2013-12-12,74.800064,381.25,51.830002,147.470001
2013-12-13,73.984741,384.23999,53.32,147.649994
2013-12-16,74.394409,388.97000099999997,53.810001,147.940002
2013-12-17,74.059464,387.649994,54.860001000000004,152.46000700000002
2013-12-18,73.496353,395.959991,55.57,147.979996
2013-12-19,72.654312,395.190002,55.049999,140.720001
2013-12-20,73.262817,402.200012,55.119999,143.240005
2013-12-23,76.074455,402.920013,57.77,143.550003
2013-12-24,75.751503,399.200012,57.959998999999996,151.41000400000001
2013-12-26,75.248436,404.390015,57.73,155.5
2013-12-27,74.740021,398.079987,55.439999,151.119995
2013-12-30,73.996742,393.369995,53.709998999999996,152.440002
2013-12-31,74.86412,398.790009,54.650002,150.429993
2014-01-02,73.811249,397.97000099999997,54.709998999999996,150.100006
2014-01-03,72.189934,396.440002,54.560001,149.559998
2014-01-06,72.58356500000001,393.630005,57.200001,147.0
2014-01-07,72.064499,398.02999900000003,57.919998,149.360001
2014-01-08,72.520866,401.920013,58.23,151.279999
2014-01-09,71.59478,401.01001,57.220001,147.529999
2014-01-10,71.117065,397.660004,57.939999,145.720001
2014-01-13,71.489357,390.980011,55.91,139.33999599999999
2014-01-14,72.911858,397.540009,57.740002000000004,161.270004
2014-01-15,74.375732,395.869995,57.599998,164.130005
2014-01-16,73.960701,395.799988,57.189999,170.970001
2014-01-17,72.148567,399.609985,56.299999,170.009995
2014-01-21,73.26947,407.049988,58.509997999999996,176.679993
2014-01-22,73.595078,404.540009,57.509997999999996,178.559998
2014-01-23,74.218262,399.869995,56.630001,181.5
2014-01-24,72.869156,387.600006,54.450001,174.600006
2014-01-27,73.460289,386.27999900000003,53.549999,169.619995
2014-01-28,67.588814,394.429993,55.139998999999996,178.380005
2014-01-29,66.821526,384.200012,53.529999,175.229996
2014-01-30,66.69208499999999,403.01001,61.080002,182.83999599999999
2014-01-31,66.801498,358.690002,62.57,181.41000400000001
2014-02-03,66.925598,346.149994,61.48,177.110001
2014-02-04,67.894409,347.950012,62.75,178.729996
2014-02-05,68.40149699999999,346.450012,62.189999,174.419998
2014-02-06,68.80017099999999,354.589996,62.16,178.380005
2014-02-07,69.762688,361.079987,64.32,186.529999
2014-02-10,71.012466,360.869995,63.549999,196.559998
2014-02-11,71.948151,361.790009,64.849998,196.619995
2014-02-12,71.94277199999999,349.25,64.449997,195.320007
2014-02-13,73.08515200000001,357.200012,67.33000200000001,199.630005
2014-02-14,73.026115,357.350006,67.089996,198.229996
2014-02-18,73.294601,353.649994,67.300003,203.699997
2014-02-19,72.137436,347.380005,68.059998,193.639999
2014-02-20,71.302429,349.799988,69.629997,209.97000099999997
2014-02-21,70.510406,346.76001,68.589996,209.600006
2014-02-24,70.819168,351.77999900000003,70.779999,217.649994
2014-02-25,70.082199,358.320007,69.849998,248.0
2014-02-26,69.449905,359.799988,69.260002,253.0
2014-02-27,70.83528100000001,360.130005,68.940002,252.539993
2014-02-28,70.643311,362.100006,68.459999,244.809998
2014-03-03,70.84736600000001,359.77999900000003,67.410004,250.559998
2014-03-04,71.314522,363.899994,68.800003,254.83999599999999
2014-03-05,71.46488199999999,372.369995,71.57,252.66000400000001
2014-03-06,71.248749,372.160004,70.839996,252.940002
2014-03-07,71.207138,372.059998,69.800003,246.210007
2014-03-10,71.271561,370.52999900000003,72.029999,238.83999599999999
2014-03-11,71.96558399999999,368.820007,70.099998,234.41000400000001
2014-03-12,72.0354,370.640015,70.879997,241.49000499999997
2014-03-13,71.235321,371.51001,68.83000200000001,237.789993
2014-03-14,70.435242,373.73999,67.720001,230.97000099999997
2014-03-17,70.710449,375.040009,68.739998,233.979996
2014-03-18,71.335983,378.769989,69.190002,240.039993
2014-03-19,71.317207,373.230011,68.239998,235.83999599999999
2014-03-20,70.973541,368.97000099999997,66.970001,234.91000400000001
2014-03-21,71.533325,360.619995,67.239998,228.88999900000002
2014-03-24,72.381744,351.850006,64.099998,220.169998
2014-03-25,73.16033900000001,354.709991,64.889999,220.440002
2014-03-26,72.460953,343.410004,60.389998999999996,212.960007
2014-03-27,72.149513,338.47000099999997,60.970001,207.320007
2014-03-28,72.068962,338.290009,60.009997999999996,212.36999500000002
2014-03-31,72.052841,336.369995,60.240002000000004,208.449997
2014-04-01,72.711967,342.98999,62.619999,216.97000099999997
2014-04-02,72.832802,341.959991,62.720001,230.289993
2014-04-03,72.328049,333.619995,59.490002000000004,225.399994
2014-04-04,71.392395,323.0,56.75,212.229996
2014-04-07,70.271484,317.76001,56.950001,207.520004
2014-04-08,70.267441,327.070007,58.189999,215.460007
2014-04-09,71.19103199999999,331.809998,62.41,216.92999300000002
2014-04-10,70.27282,317.109985,59.16,204.190002
2014-04-11,69.753304,311.730011,58.529999,203.779999
2014-04-14,70.031174,315.910004,58.889998999999996,198.08999599999999
2014-04-15,69.53179200000001,316.079987,59.09,193.91000400000001
2014-04-16,69.67274499999999,323.679993,59.720001,199.110001
2014-04-17,70.468811,324.910004,58.939999,198.119995
2014-04-21,71.305138,330.869995,61.240002000000004,204.380005
2014-04-22,71.37628199999999,329.320007,63.029999,218.63999900000002
2014-04-23,70.443291,324.579987,61.360001000000004,207.990005
2014-04-24,76.218376,337.149994,60.869999,207.860001
2014-04-25,76.778152,303.829987,57.709998999999996,199.850006
2014-04-28,79.751595,296.579987,56.139998999999996,198.509995
2014-04-29,79.515327,300.380005,58.150002,206.919998
2014-04-30,79.214638,304.130005,59.779999,207.889999
2014-05-01,79.40124499999999,307.890015,61.150002,207.729996
2014-05-02,79.54890400000001,308.01001,60.459998999999996,210.91000400000001
2014-05-05,80.673859,310.049988,61.220001,216.61000099999998
2014-05-06,79.794579,297.380005,58.529999,207.279999
2014-05-07,79.515327,292.709991,57.389998999999996,201.350006
2014-05-08,79.373604,288.320007,56.759997999999996,178.58999599999999
2014-05-09,79.042885,292.23999,57.240002000000004,182.259995
2014-05-12,80.026955,302.859985,59.830002,184.669998
2014-05-13,80.152496,304.640015,59.830002,190.16000400000001
2014-05-14,80.167343,297.619995,59.23,190.619995
2014-05-15,79.485641,295.190002,57.919998,188.58999599999999
2014-05-16,80.65873,297.700012,58.02,191.559998
2014-05-19,81.614464,296.76001,59.209998999999996,196.08999599999999
2014-05-20,81.630669,301.190002,58.560001,195.300003
2014-05-21,81.846642,305.01001,60.490002000000004,199.449997
2014-05-22,81.97623399999999,304.910004,60.52,204.880005
2014-05-23,82.902283,312.23999,61.349998,207.300003
2014-05-27,84.454674,310.820007,63.48,211.559998
2014-05-28,84.23599200000001,310.160004,63.509997999999996,210.24000499999997
2014-05-29,85.77085100000001,313.77999900000003,63.830002,210.24000499999997
2014-05-30,85.449577,312.549988,63.299999,207.770004
2014-06-02,84.86235,308.839996,63.080002,204.699997
2014-06-03,86.062431,307.190002,62.869999,204.940002
2014-06-04,87.045158,306.77999900000003,63.34,203.990005
2014-06-05,87.38668100000001,323.570007,63.189999,206.899994
2014-06-06,87.146408,329.670013,62.5,208.169998
2014-06-09,88.540871,327.5,62.880001,205.309998
2014-06-10,89.06057,332.410004,65.769997,202.300003
2014-06-11,88.69206199999999,335.200012,65.779999,204.470001
2014-06-12,87.208504,325.910004,64.290001,203.520004
2014-06-13,86.25410500000001,326.269989,64.5,206.419998
2014-06-16,87.123459,327.619995,64.190002,224.61000099999998
2014-06-17,87.010071,325.619995,64.400002,231.669998
2014-06-18,87.104561,334.380005,65.599998,227.11999500000002
2014-06-19,86.802177,327.0,64.339996,227.789993
2014-06-20,85.904495,324.200012,64.5,229.58999599999999
2014-06-23,85.82888,327.23999,65.370003,237.22000099999997
2014-06-24,85.309174,324.160004,65.720001,232.5
2014-06-25,85.384773,327.440002,67.440002,236.88999900000002
2014-06-26,85.895042,325.690002,67.129997,235.600006
2014-06-27,86.915581,324.570007,67.599998,239.059998
2014-06-30,87.813271,324.77999900000003,67.290001,240.059998
2014-07-01,88.370773,332.390015,68.059998,239.72000099999997
2014-07-02,88.332993,332.850006,66.449997,229.42999300000002
2014-07-03,88.852699,337.48999,66.290001,229.25
2014-07-07,90.68589,333.549988,65.290001,222.66000400000001
2014-07-08,90.100021,323.809998,62.759997999999996,219.07000699999998
2014-07-09,90.137817,329.97000099999997,64.970001,223.059998
2014-07-10,89.807076,327.920013,64.870003,219.460007
2014-07-11,89.97718,346.200012,66.339996,218.13000499999998
2014-07-14,91.13945,355.320007,67.900002,226.69999700000002
2014-07-15,90.071678,354.440002,67.16999799999999,219.580002
2014-07-16,89.561401,355.899994,67.660004,217.16000400000001
2014-07-17,87.964455,352.450012,66.410004,215.399994
2014-07-18,89.230682,358.660004,68.41999799999999,220.020004
2014-07-21,88.767662,359.76001,69.400002,220.539993
2014-07-22,89.504715,360.839996,69.269997,219.580002
2014-07-23,91.83871500000001,358.140015,71.290001,222.49000499999997
2014-07-24,91.687531,358.609985,74.980003,223.539993
2014-07-25,92.292274,324.01001,75.190002,223.57000699999998
2014-07-28,93.567947,320.410004,74.91999799999999,224.82000699999998
2014-07-29,92.963181,320.0,73.709999,225.00999500000003
2014-07-30,92.745857,322.51001,74.68,228.919998
2014-07-31,90.33625,312.98999,72.650002,223.30000299999998
2014-08-01,90.837074,307.059998,72.360001,233.270004
2014-08-04,90.326813,313.649994,73.510002,238.520004
2014-08-05,89.882683,312.320007,72.690002,238.49000499999997
2014-08-06,89.731483,313.890015,72.470001,248.92999300000002
2014-08-07,89.722,311.450012,73.16999799999999,252.38999900000002
2014-08-08,89.96891,316.799988,73.059998,248.13000499999998
2014-08-11,91.155937,318.329987,73.440002,259.320007
2014-08-12,91.136971,319.320007,72.83000200000001,259.959991
2014-08-13,92.343002,326.27999900000003,73.769997,260.309998
2014-08-14,92.589912,333.209991,74.300003,261.380005
2014-08-15,93.045731,333.630005,73.629997,262.01001
2014-08-18,94.166321,334.52999900000003,74.589996,259.940002
2014-08-19,95.467316,335.130005,75.290001,256.76001
2014-08-20,95.50531,335.77999900000003,74.809998,255.710007
2014-08-21,95.514801,332.910004,74.57,254.33999599999999
2014-08-22,96.217529,331.589996,74.57,256.77999900000003
2014-08-25,96.426468,334.019989,75.019997,262.549988
2014-08-26,95.809196,341.829987,75.959999,261.73999
2014-08-27,96.98674799999999,343.179993,74.629997,263.25
2014-08-28,97.100693,340.019989,73.860001,263.859985
2014-08-29,97.338104,339.040009,74.82,269.700012
2014-09-02,98.09783900000001,342.380005,76.68,284.119995
2014-09-03,93.95739,339.0,75.83000200000001,281.190002
2014-09-04,93.17868,345.950012,75.949997,286.040009
2014-09-05,93.985878,346.380005,77.260002,277.390015
2014-09-08,93.406601,342.339996,77.889999,282.109985
2014-09-09,93.05524399999999,329.75,76.66999799999999,278.480011
2014-09-10,95.913651,331.329987,77.43,281.100006
2014-09-11,96.322006,330.519989,77.91999799999999,280.309998
2014-09-12,96.540421,331.190002,77.480003,279.200012
2014-09-15,96.511909,323.890015,74.58000200000001,253.86000099999998
2014-09-16,95.780693,327.76001,76.08000200000001,260.73999
2014-09-17,96.464439,324.0,76.43,261.380005
2014-09-18,96.663872,325.0,77.0,263.820007
2014-09-19,95.875664,331.320007,77.910004,259.320007
2014-09-22,95.97062700000001,324.5,76.800003,250.02999900000003
2014-09-23,97.471046,323.630005,78.290001,250.41000400000001
2014-09-24,96.625877,328.209991,78.540001,252.13999900000002
2014-09-25,92.941284,321.929993,77.220001,246.94999700000002
2014-09-26,95.676247,323.209991,78.790001,246.600006
2014-09-29,95.068466,321.820007,79.0,245.25999500000003
2014-09-30,95.676247,322.440002,79.040001,242.67999300000002
2014-10-01,94.185295,317.459991,76.550003,240.24000499999997
2014-10-02,94.869049,318.410004,77.08000200000001,251.419998
2014-10-03,94.603149,322.73999,77.440002,255.210007
2014-10-06,94.603149,322.200012,77.559998,260.619995
2014-10-07,93.776962,316.980011,76.290001,259.570007
2014-10-08,95.723709,322.700012,77.519997,259.27999900000003
2014-10-09,95.932625,315.369995,75.910004,257.01001
2014-10-10,95.65724200000001,311.390015,72.910004,236.91000400000001
2014-10-13,94.783585,306.450012,72.989998,224.58999599999999
2014-10-14,93.776962,308.309998,73.589996,227.059998
2014-10-15,92.627899,305.97000099999997,73.209999,229.69999700000002
2014-10-16,91.412361,302.859985,72.629997,226.350006
2014-10-17,92.751343,303.640015,75.949997,227.479996
2014-10-20,94.736099,306.209991,76.949997,230.47000099999997
2014-10-21,97.309608,315.329987,78.690002,235.33999599999999
2014-10-22,97.803436,312.97000099999997,78.370003,231.100006
2014-10-23,99.550781,313.179993,80.040001,235.289993
2014-10-24,99.921112,287.059998,80.66999799999999,235.24000499999997
2014-10-27,99.816666,289.97000099999997,80.279999,221.669998
2014-10-28,101.36457800000001,295.589996,80.769997,242.770004
2014-10-29,101.93435699999999,294.119995,75.860001,238.100006
2014-10-30,101.592506,299.070007,74.110001,238.66000400000001
2014-10-31,102.561127,305.459991,74.989998,241.69999700000002
2014-11-03,103.890625,305.72000099999997,73.879997,242.58999599999999
2014-11-04,103.13091999999999,302.809998,75.760002,238.92999300000002
2014-11-05,103.37782299999999,296.519989,74.83000200000001,230.97000099999997
2014-11-06,103.673485,296.640015,75.260002,241.22000099999997
2014-11-07,103.96914699999999,299.859985,75.599998,240.19999700000002
2014-11-10,103.79746999999999,305.109985,75.0,241.92999300000002
2014-11-11,104.627235,312.01001,74.610001,251.080002
2014-11-12,106.10556799999999,311.51001,74.720001,249.100006
2014-11-13,107.602974,316.480011,74.25,251.69999700000002
2014-11-14,108.900093,327.820007,74.879997,258.679993
2014-11-17,108.718864,323.049988,74.239998,253.979996
2014-11-18,110.130417,324.929993,74.339996,257.700012
2014-11-19,109.36743200000001,326.540009,73.33000200000001,247.74000499999997
2014-11-20,110.93158700000001,330.540009,73.599998,248.710007
2014-11-21,111.08418300000001,332.630005,73.75,242.77999900000003
2014-11-24,113.144295,335.640015,74.010002,246.72000099999997
2014-11-25,112.161926,335.040009,75.629997,248.08999599999999
2014-11-26,113.497192,333.570007,77.620003,248.440002
2014-11-28,113.43042,338.640015,77.699997,244.520004
2014-12-01,109.74890900000001,326.0,75.099998,231.63999900000002
2014-12-02,109.329269,326.309998,75.459999,231.42999300000002
2014-12-03,110.56916000000001,316.5,74.879997,229.30000299999998
2014-12-04,110.149506,316.929993,75.239998,228.27999900000003
2014-12-05,109.68215900000001,312.630005,76.360001,223.710007
2014-12-08,107.20239299999999,306.640015,76.519997,214.36000099999998
2014-12-09,108.84285700000001,312.5,76.839996,216.88999900000002
2014-12-10,106.77319299999999,305.839996,76.18,209.83999599999999
2014-12-11,106.458473,307.359985,77.730003,208.880005
2014-12-12,104.655861,307.320007,77.83000200000001,207.0
2014-12-15,103.225227,306.070007,76.989998,204.03999299999998
2014-12-16,101.813652,295.059998,74.690002,197.809998
2014-12-17,104.350655,298.880005,76.110001,205.820007
2014-12-18,107.440826,297.730011,78.400002,218.25999500000003
2014-12-19,106.611053,299.899994,79.879997,219.289993
2014-12-22,107.71741499999999,306.540009,81.449997,222.600006
2014-12-23,107.335922,306.290009,80.610001,220.97000099999997
2014-12-24,106.83042900000001,303.02999900000003,80.769997,222.25999500000003
2014-12-26,108.718864,309.089996,80.779999,227.82000699999998
2014-12-29,108.642563,312.040009,80.019997,225.710007
2014-12-30,107.316826,310.299988,79.220001,222.229996
2014-12-31,105.27578700000001,310.350006,78.019997,222.41000400000001
2015-01-02,104.274353,308.519989,78.449997,219.309998
2015-01-05,101.336784,302.190002,77.190002,210.08999599999999
2015-01-06,101.346321,295.290009,76.150002,211.27999900000003
2015-01-07,102.767426,298.420013,76.150002,210.94999700000002
2015-01-08,106.715965,300.459991,78.18,210.61999500000002
2015-01-09,106.83042900000001,296.929993,77.739998,206.66000400000001
2015-01-12,104.198059,291.410004,76.720001,202.21000700000002
2015-01-13,105.123199,294.73999,76.449997,204.25
2015-01-14,104.722626,293.269989,76.279999,192.690002
2015-01-15,101.88041700000001,286.950012,74.050003,191.869995
2015-01-16,101.088806,290.73999,75.18,193.070007
2015-01-20,103.692566,289.440002,76.239998,191.929993
2015-01-21,104.484184,297.25,76.739998,196.570007
2015-01-22,107.20239299999999,310.320007,77.650002,201.619995
2015-01-23,107.75558500000001,312.390015,77.83000200000001,201.28999299999998
2015-01-26,107.87001799999999,309.660004,77.5,206.550003
2015-01-27,104.09314,306.75,75.779999,205.979996
2015-01-28,109.977829,303.910004,76.239998,199.369995
2015-01-29,113.401825,311.77999900000003,78.0,205.199997
2015-01-30,111.74227900000001,354.52999900000003,75.910004,203.600006
2015-02-02,113.144295,364.47000099999997,74.989998,210.940002
2015-02-03,113.16336799999999,363.549988,75.400002,218.36000099999998
2015-02-04,114.03130300000001,364.75,75.629997,218.55000299999998
2015-02-05,114.845192,373.890015,75.610001,220.99000499999997
2015-02-06,113.87808999999999,374.27999900000003,74.470001,217.36000099999998
2015-02-09,114.634529,370.559998,74.440002,217.479996
2015-02-10,116.83683799999999,373.0,75.190002,216.289993
2015-02-11,119.57534799999999,375.140015,76.510002,212.80000299999998
2015-02-12,121.088242,377.170013,76.230003,202.880005
2015-02-13,121.681908,381.829987,75.739998,203.770004
2015-02-17,122.40003200000001,375.429993,75.599998,204.350006
2015-02-18,123.252251,373.369995,76.709999,204.46000700000002
2015-02-19,122.993698,379.0,79.41999799999999,211.710007
2015-02-20,123.999123,383.660004,79.900002,217.11000099999998
2015-02-23,127.350426,380.140015,78.839996,207.33999599999999
2015-02-24,126.555687,378.589996,78.449997,204.110001
2015-02-25,123.319275,385.369995,79.559998,203.759995
2015-02-26,124.88002,384.799988,80.410004,207.190002
2015-02-27,123.00329599999999,380.160004,78.970001,203.33999599999999
2015-03-02,123.60651399999999,385.660004,79.75,197.330002
2015-03-03,123.865051,384.609985,79.599998,199.559998
2015-03-04,123.079872,382.72000099999997,80.900002,202.440002
2015-03-05,121.040375,387.829987,81.209999,200.630005
2015-03-06,121.222282,380.089996,80.010002,193.880005
2015-03-09,121.739349,378.559998,79.440002,190.880005
2015-03-10,119.221069,369.51001,77.550003,190.320007
2015-03-11,117.04748500000001,366.369995,77.57,193.740005
2015-03-12,119.163605,374.23999,78.93,191.070007
2015-03-13,118.34014099999999,370.579987,78.050003,188.679993
2015-03-16,119.642372,373.350006,78.07,195.699997
2015-03-17,121.643593,371.920013,79.360001,194.729996
2015-03-18,123.012856,375.140015,80.910004,200.71000700000002
2015-03-19,122.08406799999999,373.23999,82.75,195.649994
2015-03-20,120.55203200000001,378.48999,83.800003,198.080002
2015-03-23,121.806381,375.109985,84.43,199.630005
2015-03-24,121.308472,374.089996,85.309998,201.720001
2015-03-25,118.139076,370.959991,82.91999799999999,194.300003
2015-03-26,118.962547,367.350006,83.010002,190.41000400000001
2015-03-27,118.014595,370.559998,83.300003,185.0
2015-03-30,121.002068,374.589996,83.199997,190.570007
2015-03-31,119.14446299999999,372.100006,82.220001,188.770004
2015-04-01,118.97211499999999,370.26001,81.66999799999999,187.58999599999999
2015-04-02,119.99666599999999,372.25,81.559998,191.0
2015-04-06,121.940422,377.040009,82.440002,203.100006
2015-04-07,120.65736399999999,374.410004,82.32,203.25
2015-04-08,120.264771,381.200012,82.279999,207.669998
2015-04-09,121.18398300000001,383.540009,82.16999799999999,210.08999599999999
2015-04-10,121.701057,382.649994,82.040001,210.899994
2015-04-13,121.461678,382.359985,83.010002,209.77999900000003
2015-04-14,120.935043,385.109985,83.519997,207.46000700000002
2015-04-15,121.39463799999999,383.450012,82.709999,207.830002
2015-04-16,120.81055500000001,386.040009,82.309998,206.699997
2015-04-17,119.450874,375.559998,80.779999,206.78999299999998
2015-04-20,122.17981,389.51001,83.089996,205.270004
2015-04-21,121.519135,391.179993,83.620003,209.41000400000001
2015-04-22,123.156494,389.799988,84.629997,219.440002
2015-04-23,124.16188000000001,389.98999,82.410004,218.600006
2015-04-24,124.745956,445.10000599999995,81.529999,218.42999300000002
2015-04-27,127.015289,438.55999800000006,81.910004,231.55000299999998
2015-04-28,125.01408400000001,429.30999800000006,80.68,230.479996
2015-04-29,123.17564399999999,429.369995,80.470001,232.44999700000002
2015-04-30,119.833878,421.77999900000003,78.769997,226.05000299999998
2015-05-01,123.472466,422.869995,78.989998,226.02999900000003
2015-05-04,123.233093,423.040009,78.809998,230.50999500000003
2015-05-05,120.456268,421.19000199999994,77.559998,232.94999700000002
2015-05-06,119.699821,419.100006,78.099998,230.42999300000002
2015-05-07,120.440201,426.880005,78.43,236.80000299999998
2015-05-08,122.70941200000001,433.69000199999994,78.510002,236.61000099999998
2015-05-11,121.45941200000001,432.85000599999995,78.010002,239.49000499999997
2015-05-12,121.02674099999999,431.01998899999995,77.459999,244.74000499999997
2015-05-13,121.161354,426.869995,78.440002,243.17999300000002
2015-05-14,123.98822,432.27999900000003,81.370003,244.100006
2015-05-15,123.815147,426.0,80.41999799999999,248.83999599999999
2015-05-18,125.18051899999999,425.23999000000003,80.879997,248.75
2015-05-19,125.06511699999999,421.709991,80.629997,247.13999900000002
2015-05-20,125.055504,423.85998499999994,80.550003,244.350006
2015-05-21,126.33433500000001,431.630005,80.480003,245.61999500000002
2015-05-22,127.440071,427.630005,80.540001,247.729996
2015-05-26,124.63243100000001,425.47000099999997,79.33000200000001,247.460007
2015-05-27,126.95931999999999,431.420013,80.550003,247.42999300000002
2015-05-28,126.70931200000001,426.57000700000003,80.150002,251.44999700000002
2015-05-29,125.267044,429.23001100000005,79.190002,250.80000299999998
2015-06-01,125.517036,430.920013,80.290001,249.44999700000002
2015-06-02,124.959373,430.98999000000003,80.440002,248.350006
2015-06-03,125.113197,436.589996,82.440002,248.99000499999997
2015-06-04,124.382446,430.77999900000003,82.050003,245.919998
2015-06-05,123.69976799999999,426.950012,82.139999,249.13999900000002
2015-06-08,122.882469,423.5,80.66999799999999,256.290009
2015-06-09,122.51709,425.48001100000005,80.66999799999999,256.0
2015-06-10,123.92092099999999,430.76998899999995,82.160004,250.69999700000002
2015-06-11,123.642059,432.97000099999997,81.83000200000001,251.41000400000001
2015-06-12,122.27671799999999,429.920013,81.529999,250.690002
2015-06-15,122.036331,423.670013,80.709999,250.38000499999998
2015-06-16,122.69017,427.26000999999997,81.059998,253.11999500000002
2015-06-17,122.401711,427.80999800000006,81.790001,260.410004
2015-06-18,122.95938100000001,439.39001500000006,82.910004,261.890015
2015-06-19,121.728645,434.920013,82.510002,262.51001
2015-06-22,122.69978300000001,436.290009,84.739998,259.790009
2015-06-23,122.14209699999999,445.98999000000003,87.879997,267.670013
2015-06-24,123.18054199999999,440.839996,88.860001,265.170013
2015-06-25,122.59400900000001,440.10000599999995,87.980003,268.790009
2015-06-26,121.87287099999999,438.10000599999995,88.010002,267.089996
2015-06-29,119.738281,429.85998499999994,85.800003,262.019989
2015-06-30,120.60366100000002,434.089996,85.769997,268.26001
2015-07-01,121.728645,437.39001500000006,86.910004,269.149994
2015-07-02,121.57479099999999,437.709991,87.290001,280.019989
2015-07-06,121.15173300000001,436.040009,87.550003,279.72000099999997
2015-07-07,120.85366100000002,436.72000099999997,87.220001,267.880005
2015-07-08,117.853714,429.700012,85.650002,254.960007
2015-07-09,115.449913,434.39001500000006,85.879997,257.920013
2015-07-10,118.53639199999999,443.51000999999997,87.949997,259.149994
2015-07-13,120.82481399999999,455.57000700000003,90.099998,262.160004
2015-07-14,120.77673300000001,465.57000700000003,89.68,265.649994
2015-07-15,121.940178,461.19000199999994,89.760002,263.140015
2015-07-16,123.565155,475.48001100000005,90.849998,266.679993
2015-07-17,124.63243100000001,483.01000999999997,94.970001,274.660004
2015-07-20,126.98818999999999,488.10000599999995,97.910004,282.26001
2015-07-21,125.718956,488.0,98.389999,266.769989
2015-07-22,120.40174099999999,488.26998899999995,97.040001,267.869995
2015-07-23,120.344048,482.17999299999997,95.440002,267.200012
2015-07-24,119.70945,529.419983,96.949997,265.410004
2015-07-27,118.04601299999999,531.409973,94.16999799999999,253.00999500000003
2015-07-28,118.632545,526.030029,95.290001,264.820007
2015-07-29,118.257545,529.0,96.989998,263.820007
2015-07-30,117.66140700000001,536.76001,95.209999,266.790009
2015-07-31,116.632576,536.150024,94.010002,266.149994
2015-08-03,113.882622,535.030029,94.139999,259.98999
2015-08-04,110.228844,531.900024,94.059998,266.27999900000003
2015-08-05,110.959602,537.01001,96.440002,270.130005
2015-08-06,111.20106499999999,529.460022,95.120003,246.13000499999998
2015-08-07,111.577766,522.619995,94.300003,242.50999500000003
2015-08-10,115.63443000000001,524.0,94.150002,241.13999900000002
2015-08-11,109.61702700000001,527.460022,93.620003,237.36999500000002
2015-08-12,111.30731200000001,525.909973,94.190002,238.169998
2015-08-13,111.22039,529.659973,93.43,242.50999500000003
2015-08-14,112.00273899999999,531.52002,94.41999799999999,243.149994
2015-08-17,113.161804,535.219971,93.93,254.99000499999997
2015-08-18,112.52430700000001,535.02002,95.16999799999999,260.72000099999997
2015-08-19,111.085167,532.919983,95.309998,255.25
2015-08-20,108.805702,515.780029,90.559998,242.17999300000002
2015-08-21,102.15083299999999,494.47000099999997,86.059998,230.770004
2015-08-24,99.600937,463.369995,82.089996,218.86999500000002
2015-08-25,100.19976,466.369995,83.0,220.02999900000003
2015-08-26,105.946716,500.76998899999995,87.190002,224.83999599999999
2015-08-27,109.06648999999999,518.369995,89.730003,242.99000499999997
2015-08-28,109.42385900000001,518.01001,91.010002,248.479996
2015-08-31,108.91194899999999,512.8900150000001,89.43,249.059998
2015-09-01,104.043945,496.540009,87.230003,238.63000499999998
2015-09-02,108.506271,510.549988,89.889999,247.690002
2015-09-03,106.603508,504.72000099999997,88.150002,245.57000699999998
2015-09-04,105.541046,499.0,88.260002,241.92999300000002
2015-09-08,108.477303,517.539978,89.529999,248.169998
2015-09-09,106.39101399999998,516.8900150000001,90.440002,248.91000400000001
2015-09-10,108.728416,522.23999,91.980003,248.479996
2015-09-11,110.31246200000001,529.4400019999999,92.050003,250.24000499999997
2015-09-14,111.37491599999998,521.380005,92.309998,253.190002
2015-09-15,112.311821,522.369995,92.900002,253.57000699999998
2015-09-16,112.437393,527.3900150000001,93.449997,262.25
2015-09-17,110.03235600000001,538.869995,94.339996,262.070007
2015-09-18,109.5784,540.26001,94.400002,260.619995
2015-09-21,111.27833600000001,548.3900150000001,95.550003,264.200012
2015-09-22,109.530098,538.400024,92.959999,260.940002
2015-09-23,110.41871599999999,536.070007,93.970001,261.059998
2015-09-24,111.07550800000001,533.75,94.410004,263.119995
2015-09-25,110.79540300000001,524.25,92.769997,256.910004
2015-09-28,108.602875,504.05999800000006,89.209999,248.42999300000002
2015-09-29,105.338219,496.07000700000003,86.66999799999999,246.649994
2015-09-30,106.535904,511.89001500000006,89.900002,248.399994
2015-10-01,105.840469,520.719971,90.949997,239.88000499999998
2015-10-02,106.61316699999999,532.539978,92.07,247.57000699999998
2015-10-05,106.99951899999999,543.679993,94.010002,246.149994
2015-10-06,107.511421,537.47998,92.800003,241.460007
2015-10-07,106.99951899999999,541.9400019999999,92.400002,231.960007
2015-10-08,105.763199,533.159973,92.470001,226.72000099999997
2015-10-09,108.29378500000001,539.799988,93.239998,220.690002
2015-10-12,107.791527,550.1900019999999,94.260002,215.580002
2015-10-13,107.975052,548.900024,94.120003,219.25
2015-10-14,106.448967,544.830017,94.07,216.88000499999998
2015-10-15,108.042671,562.4400019999999,95.959999,221.309998
2015-10-16,107.25064099999999,570.76001,97.540001,227.00999500000003
2015-10-19,107.917084,573.150024,98.470001,228.100006
2015-10-20,109.887474,560.880005,97.0,213.02999900000003
2015-10-21,109.87782299999999,555.77002,97.110001,210.08999599999999
2015-10-22,111.558449,563.909973,99.66999799999999,211.72000099999997
2015-10-23,115.016273,599.030029,102.190002,209.08999599999999
2015-10-26,111.345955,608.6099849999999,103.769997,215.25999500000003
2015-10-27,110.64086200000001,611.01001,103.699997,210.350006
2015-10-28,115.199776,617.099976,104.199997,212.960007
2015-10-29,116.41678600000002,626.549988,104.879997,211.63000499999998
2015-10-30,115.421944,625.900024,101.970001,206.929993
2015-11-02,117.044601,628.349976,103.309998,213.789993
2015-11-03,118.38717700000001,625.3099980000001,102.58000200000001,208.350006
2015-11-04,117.836624,640.950012,103.940002,231.63000499999998
2015-11-05,117.293411,655.650024,108.760002,231.770004
2015-11-06,117.429207,659.369995,107.099998,232.36000099999998
2015-11-09,116.953911,655.48999,106.489998,225.330002
2015-11-10,113.267876,659.679993,107.910004,216.5
2015-11-11,112.627678,673.25,109.010002,219.080002
2015-11-12,112.249374,665.599976,108.019997,212.940002
2015-11-13,108.97073400000001,642.349976,103.949997,207.190002
2015-11-16,110.75556200000001,647.8099980000001,104.040001,214.309998
2015-11-17,110.280258,643.299988,105.129997,214.0
2015-11-18,113.772278,663.539978,107.769997,221.07000699999998
2015-11-19,115.217598,661.27002,106.260002,221.80000299999998
2015-11-20,115.722008,668.450012,107.32,220.00999500000003
2015-11-23,114.218483,678.98999,106.949997,217.75
2015-11-24,115.31459,671.150024,105.739998,218.25
2015-11-25,114.49008899999998,675.340027,105.410004,229.63999900000002
2015-11-27,114.276688,673.26001,105.449997,231.61000099999998
2015-11-30,114.75199099999999,664.799988,104.239998,230.25999500000003
2015-12-01,113.820778,679.0599980000001,107.120003,237.190002
2015-12-02,112.79257199999999,676.01001,106.07,231.99000499999997
2015-12-03,111.744965,666.25,104.379997,232.710007
2015-12-04,115.460098,672.6400150000001,106.18,230.38000499999998
2015-12-07,114.73258999999999,669.830017,105.610001,231.13000499999998
2015-12-08,114.68409,677.330017,106.489998,226.72000099999997
2015-12-09,112.152374,664.789978,104.599998,224.520004
2015-12-10,112.68586699999999,662.320007,105.41999799999999,227.07000699999998
2015-12-11,109.78556100000002,640.150024,102.120003,217.020004
2015-12-14,109.10655200000001,657.909973,104.660004,218.580002
2015-12-15,107.176224,658.6400150000001,104.550003,221.08999599999999
2015-12-16,108.000725,675.77002,106.790001,234.50999500000003
2015-12-17,105.711525,670.650024,106.220001,233.38999900000002
2015-12-18,102.849983,664.1400150000001,104.040001,230.460007
2015-12-21,104.111008,664.51001,104.769997,232.559998
2015-12-22,104.014015,663.150024,105.510002,229.94999700000002
2015-12-23,105.352608,663.700012,104.629997,229.69999700000002
2015-12-24,104.790009,662.789978,105.019997,230.57000699999998
2015-12-28,103.616302,675.200012,105.93,228.94999700000002
2015-12-29,105.478706,693.969971,107.260002,237.190002
2015-12-30,104.101311,689.070007,106.220001,238.08999599999999
2015-12-31,102.103088,675.8900150000001,104.660004,240.00999500000003
2016-01-04,102.190376,636.98999,102.220001,223.41000400000001
2016-01-05,99.62955500000001,633.789978,102.730003,223.42999300000002
2016-01-06,97.67984799999999,632.650024,102.970001,219.039993
2016-01-07,93.55729699999999,607.9400019999999,97.91999799999999,215.649994
2016-01-08,94.052017,607.049988,97.33000200000001,211.0
2016-01-11,95.574928,617.73999,97.510002,207.850006
2016-01-12,96.962036,617.8900150000001,99.370003,209.97000099999997
2016-01-13,94.469124,581.8099980000001,95.440002,200.309998
2016-01-14,96.535217,593.0,98.370003,206.179993
2016-01-15,94.216911,570.179993,94.970001,204.990005
2016-01-19,93.76101700000001,574.47998,95.260002,204.720001
2016-01-20,93.88711500000001,571.77002,94.349998,198.699997
2016-01-21,93.411812,575.02002,94.160004,199.970001
2016-01-22,98.378242,596.380005,97.940002,202.550003
2016-01-25,96.457626,596.530029,97.010002,196.380005
2016-01-26,96.991135,601.25,97.339996,193.559998
2016-01-27,90.618187,583.349976,94.449997,188.070007
2016-01-28,91.268089,635.349976,109.110001,189.699997
2016-01-29,94.420609,587.0,112.209999,191.199997
2016-02-01,93.53791,574.8099980000001,115.089996,196.940002
2016-02-02,91.646393,552.099976,114.610001,182.779999
2016-02-03,93.460312,531.070007,112.690002,173.479996
2016-02-04,94.211258,536.26001,110.489998,175.330002
2016-02-05,91.695061,502.130005,104.07,162.600006
2016-02-08,92.660583,488.10000599999995,99.75,147.990005
2016-02-09,92.641068,482.07000700000003,99.540001,148.25
2016-02-10,91.93888100000001,490.48001100000005,101.0,143.669998
2016-02-11,91.38298,503.82000700000003,101.910004,150.470001
2016-02-12,91.66581,507.079987,102.010002,151.03999299999998
2016-02-16,94.250275,521.099976,101.610001,155.169998
2016-02-17,95.69367199999999,534.099976,105.199997,168.679993
2016-02-18,93.879677,525.0,103.470001,166.770004
2016-02-19,93.665115,534.900024,104.57,166.580002
2016-02-22,94.484337,559.5,107.160004,177.740005
2016-02-23,92.348495,552.9400019999999,105.459999,177.21000700000002
2016-02-24,93.723625,554.039978,106.879997,179.0
2016-02-25,94.36731,555.150024,108.07,187.429993
2016-02-26,94.513603,555.22998,107.91999799999999,190.33999599999999
2016-02-29,94.299042,552.52002,106.91999799999999,191.929993
2016-03-01,98.044075,579.039978,109.82,186.350006
2016-03-02,98.258652,580.210022,109.949997,188.33999599999999
2016-03-03,98.99009699999999,577.48999,109.58000200000001,195.740005
2016-03-04,100.462761,575.1400150000001,108.389999,201.03999299999998
2016-03-07,99.350945,562.799988,105.730003,205.28999299999998
2016-03-08,98.531715,560.26001,105.93,202.600006
2016-03-09,98.619499,559.469971,107.510002,208.720001
2016-03-10,98.668251,558.929993,107.32,205.179993
2016-03-11,99.7313,569.6099849999999,109.410004,207.5
2016-03-14,99.984879,573.369995,109.889999,215.149994
2016-03-15,101.993942,577.02002,110.66999799999999,218.33999599999999
2016-03-16,103.349571,574.27002,112.18,221.92999300000002
2016-03-17,103.183762,559.4400019999999,111.019997,226.38000499999998
2016-03-18,103.300804,552.080017,111.449997,232.74000499999997
2016-03-21,103.291046,553.97998,111.849998,238.32000699999998
2016-03-22,104.081009,560.47998,112.25,234.24000499999997
2016-03-23,103.505608,569.630005,112.540001,222.580002
2016-03-24,103.056976,582.950012,113.050003,227.75
2016-03-28,102.588852,579.869995,113.690002,230.25999500000003
2016-03-29,105.01728100000001,593.8599849999999,116.139999,230.13000499999998
2016-03-30,106.850792,598.6900019999999,114.699997,226.88999900000002
2016-03-31,106.29488400000001,593.6400150000001,114.099998,229.770004
2016-04-01,107.270149,598.5,116.059998,237.58999599999999
2016-04-04,108.372215,593.1900019999999,112.550003,246.99000499999997
2016-04-05,107.094597,586.1400150000001,112.220001,255.47000099999997
2016-04-06,108.216171,602.080017,113.709999,265.420013
2016-04-07,105.856026,591.429993,113.639999,257.200012
2016-04-08,105.973045,594.599976,110.629997,250.07000699999998
2016-04-11,106.32413500000001,595.929993,108.989998,249.919998
2016-04-12,107.70903,603.169983,110.610001,247.82000699999998
2016-04-13,109.26946299999999,614.820007,110.510002,254.52999900000003
2016-04-14,109.327972,620.75,110.839996,251.86000099999998
2016-04-15,107.133614,625.8900150000001,109.639999,254.50999500000003
2016-04-18,104.82222,635.349976,110.449997,253.88000499999998
2016-04-19,104.266327,627.900024,112.290001,247.36999500000002
2016-04-20,104.480873,632.98999,112.41999799999999,249.97000099999997
2016-04-21,103.349571,631.0,113.440002,248.289993
2016-04-22,103.066734,620.5,110.559998,253.75
2016-04-25,102.481575,626.200012,110.099998,251.82000699999998
2016-04-26,101.769615,616.880005,108.760002,253.74000499999997
2016-04-27,95.4011,606.570007,108.889999,251.47000099999997
2016-04-28,92.485031,602.0,116.730003,247.710007
2016-04-29,91.42199699999999,659.590027,117.58000200000001,240.75999500000003
2016-05-02,91.324463,683.849976,118.57,241.80000299999998
2016-05-03,92.826378,671.320007,117.43,232.32000699999998
2016-05-04,91.860863,670.900024,118.059998,222.559998
2016-05-05,91.487999,659.090027,117.809998,211.52999900000003
2016-05-06,90.97776800000001,673.950012,119.489998,214.92999300000002
2016-05-09,91.04645500000001,679.75,119.239998,208.919998
2016-05-10,91.664612,703.070007,120.5,208.690002
2016-05-11,90.771721,713.22998,119.519997,208.96000700000002
2016-05-12,88.642487,717.929993,120.279999,207.279999
2016-05-13,88.81910699999999,709.919983,119.809998,207.610001
2016-05-16,92.115974,710.659973,118.66999799999999,208.28999299999998
2016-05-17,91.733299,695.27002,117.349998,204.66000400000001
2016-05-18,92.78319499999999,697.450012,117.650002,211.169998
2016-05-19,92.429955,698.52002,116.809998,215.210007
2016-05-20,93.430801,702.799988,117.349998,220.27999900000003
2016-05-23,94.61805,696.75,115.970001,216.22000099999997
2016-05-24,96.06044,704.200012,117.699997,217.91000400000001
2016-05-25,97.74811600000001,708.349976,117.889999,219.580002
2016-05-26,98.523285,714.909973,119.470001,225.11999500000002
2016-05-27,98.464394,712.23999,119.379997,223.039993
2016-05-31,97.983612,722.789978,118.809998,223.229996
2016-06-01,96.60992399999999,719.4400019999999,118.779999,219.559998
2016-06-02,95.88382,728.23999,118.93,218.960007
2016-06-03,96.080055,725.539978,118.470001,218.99000499999997
2016-06-06,96.776718,726.72998,118.790001,220.67999300000002
2016-06-07,97.169197,723.73999,117.760002,232.33999599999999
2016-06-08,97.08090200000001,726.6400150000001,118.389999,235.520004
2016-06-09,97.77755,727.650024,118.559998,229.36000099999998
2016-06-10,96.972954,717.909973,116.620003,218.789993
2016-06-13,95.51095600000001,715.23999,113.949997,217.86999500000002
2016-06-14,95.62870799999999,719.299988,114.940002,214.960007
2016-06-15,95.31472,714.26001,114.599998,217.69999700000002
2016-06-16,95.71701800000001,717.51001,114.389999,217.92999300000002
2016-06-17,93.53872700000001,706.3900150000001,113.019997,215.47000099999997
2016-06-20,93.31304899999999,714.01001,113.370003,219.69999700000002
2016-06-21,94.107834,715.820007,114.379997,219.61000099999998
2016-06-22,93.754601,710.599976,113.910004,196.66000400000001
2016-06-23,94.294258,722.080017,115.08000200000001,196.399994
2016-06-24,91.644997,698.960022,112.08000200000001,193.149994
2016-06-27,90.31055500000001,691.3599849999999,108.970001,198.550003
2016-06-28,91.83142099999999,707.950012,112.699997,201.78999299999998
2016-06-29,92.626205,715.599976,114.160004,210.190002
2016-06-30,93.80365,715.619995,114.279999,212.27999900000003
2016-07-01,94.08820300000001,725.679993,114.190002,216.5
2016-07-05,93.205109,728.099976,114.199997,213.979996
2016-07-06,93.73496999999999,737.6099849999999,116.699997,214.440002
2016-07-07,94.137268,736.570007,115.849998,215.940002
2016-07-08,94.863365,745.8099980000001,117.239998,216.77999900000003
2016-07-11,95.15772199999999,753.780029,117.870003,224.77999900000003
2016-07-12,95.589455,748.210022,117.93,224.649994
2016-07-13,95.049797,742.630005,116.779999,222.52999900000003
2016-07-14,96.933723,741.200012,117.290001,221.52999900000003
2016-07-15,96.92390400000001,735.4400019999999,116.860001,220.399994
2016-07-18,97.95416999999999,736.070007,119.370003,226.25
2016-07-19,97.99342299999999,739.950012,120.610001,225.25999500000003
2016-07-20,98.081734,745.719971,121.91999799999999,228.36000099999998
2016-07-21,97.561691,744.429993,120.610001,220.5
2016-07-22,96.80615999999999,744.8599849999999,121.0,222.270004
2016-07-25,95.51095600000001,739.6099849999999,121.629997,230.00999500000003
2016-07-26,94.853554,735.590027,121.220001,229.50999500000003
2016-07-27,101.015549,736.669983,123.339996,228.49000499999997
2016-07-28,102.379417,752.6099849999999,125.0,230.61000099999998
2016-07-29,102.251869,758.8099980000001,123.940002,234.789993
2016-08-01,104.05729699999999,767.73999,124.309998,230.00999500000003
2016-08-02,102.5168,760.580017,123.089996,227.19999700000002
2016-08-03,103.802185,754.6400150000001,122.510002,225.789993
2016-08-04,104.443428,760.77002,124.360001,230.61000099999998
2016-08-05,106.031723,765.97998,125.150002,230.02999900000003
2016-08-08,106.909737,766.5599980000001,125.260002,226.16000400000001
2016-08-09,107.34381100000002,768.3099980000001,125.059998,229.080002
2016-08-10,106.544724,768.5599980000001,124.879997,225.649994
2016-08-11,106.47566200000001,771.23999,124.900002,224.91000400000001
2016-08-12,106.722298,772.5599980000001,124.879997,225.61000099999998
2016-08-15,108.004776,768.48999,123.900002,225.58999599999999
2016-08-16,107.90612,764.039978,123.300003,223.61000099999998
2016-08-17,107.748291,764.630005,124.370003,223.24000499999997
2016-08-18,107.610176,764.460022,123.910004,223.50999500000003
2016-08-19,107.886398,757.3099980000001,123.559998,225.0
2016-08-22,107.047852,759.47998,124.150002,222.92999300000002
2016-08-23,107.38326299999999,762.450012,124.370003,224.83999599999999
2016-08-24,106.57431799999999,757.25,123.480003,222.61999500000002
2016-08-25,106.12051399999999,759.219971,123.889999,220.960007
2016-08-26,105.499008,769.0,124.959999,219.99000499999997
2016-08-29,105.380623,771.289978,126.540001,215.19999700000002
2016-08-30,104.571663,767.580017,125.839996,211.33999599999999
2016-08-31,104.67031899999999,769.159973,126.120003,212.00999500000003
2016-09-01,105.29184,770.619995,126.16999799999999,200.770004
2016-09-02,106.27836599999999,772.4400019999999,126.510002,197.779999
2016-09-06,106.248756,788.869995,129.729996,202.830002
2016-09-07,106.899872,784.47998,131.050003,201.71000700000002
2016-09-08,104.098145,784.0599980000001,130.270004,197.360001
2016-09-09,101.740341,760.1400150000001,127.099998,194.470001
2016-09-12,104.01921800000001,771.48999,128.690002,198.300003
2016-09-13,106.495399,761.01001,127.209999,196.050003
2016-09-14,110.263916,761.090027,127.769997,196.41000400000001
2016-09-15,114.01271799999999,769.6900019999999,128.350006,200.419998
2016-09-16,113.371475,778.52002,129.070007,205.399994
2016-09-19,112.04953,775.099976,128.649994,206.33999599999999
2016-09-20,112.03966499999999,780.219971,128.639999,204.639999
2016-09-21,112.01993600000002,789.73999,129.940002,205.220001
2016-09-22,113.075523,804.700012,130.080002,206.429993
2016-09-23,111.191254,805.75,127.959999,207.449997
2016-09-26,111.35895500000001,799.159973,127.309998,208.990005
2016-09-27,111.566124,816.1099849999999,128.690002,205.809998
2016-09-28,112.414543,828.719971,129.229996,206.270004
2016-09-29,110.668396,829.049988,128.08999599999999,200.699997
2016-09-30,111.52668,837.3099980000001,128.270004,204.029999
2016-10-03,111.00380700000001,836.73999,128.770004,213.69999700000002
2016-10-04,111.47734799999999,834.030029,128.190002,211.41000400000001
2016-10-05,111.52668,844.3599849999999,128.470001,208.46000700000002
2016-10-06,112.355354,841.659973,128.740005,201.0
2016-10-07,112.52306399999999,839.429993,128.990005,196.610001
2016-10-10,114.48625200000001,841.7100220000001,130.240005,200.949997
2016-10-11,114.73288000000001,831.0,128.880005,200.100006
2016-10-12,115.75886499999999,834.090027,129.050003,201.509995
2016-10-13,115.40371699999999,829.280029,127.82,200.240005
2016-10-14,116.04496,822.960022,127.879997,196.509995
2016-10-17,115.96604199999999,812.950012,127.540001,193.96000700000002
2016-10-18,115.887123,817.650024,128.570007,199.100006
2016-10-19,115.541832,817.6900019999999,130.110001,203.559998
2016-10-20,115.48263500000002,810.320007,130.0,199.100006
2016-10-21,115.02883100000001,818.98999,132.070007,200.08999599999999
2016-10-24,116.064682,838.090027,133.279999,202.759995
2016-10-25,116.656609,835.179993,132.28999299999998,202.33999599999999
2016-10-26,114.032448,822.590027,131.03999299999998,202.240005
2016-10-27,112.937408,818.3599849999999,129.690002,204.009995
2016-10-28,112.187653,776.320007,131.28999299999998,199.970001
2016-10-31,112.010071,789.820007,130.990005,197.729996
2016-11-01,109.98769399999999,785.409973,129.5,190.78999299999998
2016-11-02,110.086349,765.5599980000001,127.16999799999999,188.020004
2016-11-03,108.906357,767.030029,120.0,187.419998
2016-11-04,107.924675,755.049988,120.75,190.559998
2016-11-07,109.48148300000001,784.929993,122.150002,193.21000700000002
2016-11-08,110.126007,787.75,124.220001,194.940002
2016-11-09,109.947525,771.880005,123.18,190.059998
2016-11-10,106.88351399999999,742.380005,120.800003,185.350006
2016-11-11,107.518127,739.01001,119.019997,188.559998
2016-11-14,104.820999,719.070007,115.08000200000001,181.449997
2016-11-15,106.20922900000001,743.23999,117.199997,183.770004
2016-11-16,109.065002,746.48999,116.339996,183.929993
2016-11-17,109.025345,756.400024,117.790001,188.66000400000001
2016-11-18,109.134422,760.159973,117.019997,185.020004
2016-11-21,110.79038200000001,780.0,121.769997,184.520004
2016-11-22,110.85978700000001,785.330017,121.470001,191.169998
2016-11-23,110.29458600000001,780.119995,120.839996,193.139999
2016-11-25,110.849876,780.369995,120.379997,196.649994
2016-11-28,110.631721,766.77002,120.410004,196.119995
2016-11-29,110.52265200000001,762.52002,120.870003,189.570007
2016-11-30,109.590553,750.570007,118.41999799999999,189.399994
2016-12-01,108.56921399999999,743.650024,115.099998,181.880005
2016-12-02,108.975769,740.340027,115.400002,181.470001
2016-12-05,108.19241299999999,759.3599849999999,117.43,186.800003
2016-12-06,109.025345,764.719971,117.309998,185.850006
2016-12-07,110.09626000000002,770.419983,117.949997,193.149994
2016-12-08,111.17710100000001,767.330017,118.910004,192.28999299999998
2016-12-09,112.991707,768.659973,119.68,192.179993
2016-12-12,112.347183,760.119995,117.769997,192.429993
2016-12-13,114.22128300000001,774.340027,120.309998,198.149994
2016-12-14,114.22128300000001,768.820007,120.209999,198.690002
2016-12-15,114.84598500000001,761.0,120.57,197.580002
2016-12-16,114.99472,757.77002,119.870003,202.490005
2016-12-19,115.65908799999998,766.0,119.239998,202.729996
2016-12-20,115.966476,771.219971,119.089996,208.78999299999998
2016-12-21,116.075554,770.599976,119.040001,207.699997
2016-12-22,115.31203500000001,766.340027,117.400002,208.449997
2016-12-23,115.54009199999999,760.590027,117.269997,213.33999599999999
2016-12-27,116.273872,771.400024,118.010002,219.52999900000003
2016-12-28,115.778084,772.130005,116.91999799999999,219.74000499999997
2016-12-29,115.748337,765.150024,116.349998,214.67999300000002
2016-12-30,114.84598500000001,749.869995,115.050003,213.690002
2017-01-03,115.17321000000001,753.669983,116.860001,216.99000499999997
2017-01-04,115.044304,757.179993,118.690002,226.99000499999997
2017-01-05,115.629341,780.450012,120.66999799999999,226.75
2017-01-06,116.918411,795.98999,123.410004,229.00999500000003
2017-01-09,117.989319,796.919983,124.900002,231.27999900000003
2017-01-10,118.10831499999999,795.900024,124.349998,229.86999500000002
2017-01-11,118.742935,799.02002,126.089996,229.729996
2017-01-12,118.24713899999999,813.6400150000001,126.620003,229.58999599999999
2017-01-13,118.03890200000001,817.1400150000001,128.33999599999999,237.75
2017-01-17,118.990829,809.719971,127.870003,235.580002
2017-01-18,118.980911,807.47998,127.91999799999999,238.36000099999998
2017-01-19,118.772675,809.039978,127.550003,243.75999500000003
2017-01-20,118.990829,808.330017,127.040001,244.729996
2017-01-23,119.07016000000002,817.880005,128.929993,248.919998
2017-01-24,118.96108999999998,822.4400019999999,129.369995,254.61000099999998
2017-01-25,120.855019,836.52002,131.479996,254.47000099999997
2017-01-26,120.91452,839.150024,132.779999,252.50999500000003
2017-01-27,120.924423,835.77002,132.179993,252.94999700000002
2017-01-30,120.60711699999999,830.380005,130.979996,250.63000499999998
2017-01-31,120.329475,823.47998,130.320007,251.92999300000002
2017-02-01,127.66723600000002,832.349976,133.229996,249.24000499999997
2017-02-02,127.44908899999999,839.9500119999999,130.83999599999999,251.55000299999998
2017-02-03,127.994469,810.200012,130.979996,251.330002
2017-02-06,129.19429,807.6400150000001,132.059998,257.769989
2017-02-07,130.42385900000002,812.5,131.83999599999999,257.480011
2017-02-08,130.929581,819.710022,134.199997,262.079987
2017-02-09,131.87567099999998,821.3599849999999,134.139999,269.200012
2017-02-10,131.576904,827.460022,134.190002,269.230011
2017-02-13,132.742081,836.530029,134.050003,280.600006
2017-02-14,134.464981,836.3900150000001,133.850006,280.980011
2017-02-15,134.952957,842.7000119999999,133.440002,279.76001
2017-02-16,134.793625,844.1400150000001,133.83999599999999,268.950012
2017-02-17,135.16210900000002,845.070007,133.529999,272.230011
2017-02-21,136.138077,856.4400019999999,133.720001,277.390015
2017-02-22,136.546387,855.6099849999999,136.119995,273.51001
2017-02-23,135.968781,852.1900019999999,135.360001,255.99000499999997
2017-02-24,136.098251,845.23999,135.440002,257.0
2017-02-27,136.367126,848.6400150000001,136.41000400000001,246.229996
2017-02-28,136.426895,845.0399779999999,135.53999299999998,249.99000499999997
2017-03-01,139.215363,853.080017,137.419998,250.020004
2017-03-02,138.388794,848.909973,136.759995,250.479996
2017-03-03,139.205414,849.8800050000001,137.169998,251.57000699999998
2017-03-06,138.767227,846.6099849999999,137.419998,251.210007
2017-03-07,138.94648700000002,846.0200199999999,137.300003,248.58999599999999
2017-03-08,138.428619,850.5,137.720001,246.86999500000002
2017-03-09,138.109924,853.0,138.240005,244.899994
2017-03-10,138.568039,852.4600220000001,138.78999299999998,243.690002
2017-03-13,138.627792,854.590027,139.600006,246.169998
2017-03-14,138.418671,852.5300289999999,139.320007,258.0
2017-03-15,139.882629,852.9699710000001,139.720001,255.729996
2017-03-16,140.111679,853.419983,139.990005,262.049988
2017-03-17,139.414551,852.3099980000001,139.83999599999999,261.5
2017-03-20,140.87851,856.9699710000001,139.940002,261.920013
2017-03-21,139.265167,843.2000119999999,138.509995,250.67999300000002
2017-03-22,140.83866899999998,848.0599980000001,139.58999599999999,255.00999500000003
2017-03-23,140.340729,847.3800050000001,139.529999,254.77999900000003
2017-03-24,140.061874,845.6099849999999,140.33999599999999,263.160004
2017-03-27,140.300903,846.820007,140.320007,270.22000099999997
2017-03-28,143.208893,856.0,141.759995,277.450012
2017-03-29,143.527573,874.320007,142.649994,277.380005
2017-03-30,143.338348,876.340027,142.41000400000001,277.920013
2017-03-31,143.069473,886.5399779999999,142.050003,278.299988
2017-04-03,143.109299,891.51001,142.279999,298.519989
2017-04-04,144.174911,906.830017,141.729996,303.700012
2017-04-05,143.42799399999998,909.2800289999999,141.850006,295.0
2017-04-06,143.069473,898.2800289999999,141.169998,298.700012
2017-04-07,142.750778,894.8800050000001,140.779999,302.540009
2017-04-10,142.581482,907.0399779999999,141.03999299999998,312.390015
2017-04-11,141.047821,902.3599849999999,139.919998,308.709991
2017-04-12,141.217117,896.2299800000001,139.580002,296.839996
2017-04-13,140.4702,884.669983,139.389999,304.0
2017-04-17,141.246994,901.98999,141.419998,301.440002
2017-04-18,140.619568,903.7800289999999,140.96000700000002,300.25
2017-04-19,140.10171499999998,899.2000119999999,142.270004,305.519989
2017-04-20,141.854477,902.0599980000001,143.800003,302.51001
2017-04-21,141.685181,898.5300289999999,143.679993,305.600006
2017-04-24,143.049545,907.409973,145.470001,308.02999900000003
2017-04-25,143.93588300000002,907.6199949999999,146.490005,313.790009
2017-04-26,143.089371,909.2899779999999,146.559998,310.170013
2017-04-27,143.198929,918.3800050000001,147.699997,308.630005
2017-04-28,143.059494,924.98999,150.25,314.070007
2017-05-01,145.977463,948.2299800000001,152.46000700000002,322.829987
2017-05-02,146.903641,946.9400019999999,152.779999,318.890015
2017-05-03,146.45549,941.0300289999999,151.800003,311.019989
2017-05-04,145.927673,937.5300289999999,150.850006,295.459991
2017-05-05,148.347687,934.150024,150.240005,308.350006
2017-05-08,152.381027,949.0399779999999,151.059998,307.190002
2017-05-09,153.35701,952.820007,150.479996,321.26001
2017-05-10,152.630005,948.9500119999999,150.28999299999998,325.22000099999997
2017-05-11,153.949997,947.6199949999999,150.03999299999998,323.100006
2017-05-12,156.100006,961.349976,150.330002,324.809998
2017-05-15,155.699997,957.9699710000001,150.190002,315.880005
2017-05-16,155.470001,966.070007,149.779999,317.01001
2017-05-17,150.25,944.76001,144.850006,306.109985
2017-05-18,152.53999299999998,958.48999,147.66000400000001,313.059998
2017-05-19,153.059998,959.840027,148.059998,310.829987
2017-05-22,153.990005,970.669983,148.240005,310.350006
2017-05-23,153.800003,971.5399779999999,148.070007,303.859985
2017-05-24,153.33999599999999,980.349976,150.03999299999998,310.22000099999997
2017-05-25,153.869995,993.3800050000001,151.96000700000002,316.829987
2017-05-26,153.610001,995.7800289999999,152.130005,325.140015
2017-05-30,153.669998,996.7000119999999,152.380005,335.100006
2017-05-31,152.759995,994.6199949999999,151.46000700000002,341.01001
2017-06-01,153.179993,995.9500119999999,151.529999,340.369995
2017-06-02,155.449997,1006.7299800000001,153.610001,339.850006
2017-06-05,153.929993,1011.340027,153.630005,347.320007
2017-06-06,154.449997,1003.0,152.809998,352.850006
2017-06-07,155.369995,1010.070007,153.119995,359.649994
2017-06-08,154.990005,1010.2700199999999,154.71000700000002,370.0
2017-06-09,148.979996,978.3099980000001,149.600006,357.320007
2017-06-12,145.419998,964.909973,148.440002,359.01001
2017-06-13,146.58999599999999,980.7899779999999,150.679993,375.950012
2017-06-14,145.16000400000001,976.4699710000001,150.25,380.660004
2017-06-15,144.28999299999998,964.169983,149.800003,375.339996
2017-06-16,142.270004,987.7100220000001,150.639999,371.399994
2017-06-19,146.33999599999999,995.169983,152.869995,369.799988
2017-06-20,145.009995,992.590027,152.25,372.23999
2017-06-21,145.869995,1002.2299800000001,153.91000400000001,376.399994
2017-06-22,145.630005,1001.2999880000001,153.399994,382.609985
2017-06-23,146.279999,1003.73999,155.070007,383.450012
2017-06-26,145.820007,993.9799800000001,153.58999599999999,377.48999
2017-06-27,143.729996,976.7800289999999,150.580002,362.369995
2017-06-28,145.830002,990.330017,153.240005,371.23999
2017-06-29,143.679993,975.929993,151.03999299999998,360.75
2017-06-30,144.020004,968.0,150.979996,361.609985
2017-07-03,143.5,953.659973,148.429993,352.619995
